{
  "rasa_nlu_data": {
    "entity_synonyms": [],
    "lookup_tables": [],
    "regex_features": [],
    "common_examples": [
      {
        "intent": "goodbye",
        "text": "Bye"
      },
      {
        "intent": "goodbye",
        "text": "Goodbye"
      },
      {
        "intent": "goodbye",
        "text": "See you later"
      },
      {
        "intent": "goodbye",
        "text": "Bye bot"
      },
      {
        "intent": "goodbye",
        "text": "Goodbye friend"
      },
      {
        "intent": "goodbye",
        "text": "bye"
      },
      {
        "intent": "goodbye",
        "text": "bye for now"
      },
      {
        "intent": "goodbye",
        "text": "catch you later"
      },
      {
        "intent": "goodbye",
        "text": "gotta go"
      },
      {
        "intent": "goodbye",
        "text": "See you"
      },
      {
        "intent": "goodbye",
        "text": "goodnight"
      },
      {
        "intent": "goodbye",
        "text": "have a nice day"
      },
      {
        "intent": "goodbye",
        "text": "i'm off"
      },
      {
        "intent": "goodbye",
        "text": "see you later alligator"
      },
      {
        "intent": "goodbye",
        "text": "we'll speak soon"
      },
      {
        "intent": "goodbye",
        "text": "end"
      },
      {
        "intent": "goodbye",
        "text": "finish"
      },
      {
        "intent": "greet",
        "text": "Hi"
      },
      {
        "intent": "greet",
        "text": "Hey"
      },
      {
        "intent": "greet",
        "text": "Hi bot"
      },
      {
        "intent": "greet",
        "text": "Hey bot"
      },
      {
        "intent": "greet",
        "text": "Hello"
      },
      {
        "intent": "greet",
        "text": "Good morning"
      },
      {
        "intent": "greet",
        "text": "hi again"
      },
      {
        "intent": "greet",
        "text": "hi folks"
      },
      {
        "intent": "greet",
        "text": "hi Mister"
      },
      {
        "intent": "greet",
        "text": "hi pal!"
      },
      {
        "intent": "greet",
        "text": "hi there"
      },
      {
        "intent": "greet",
        "text": "greetings"
      },
      {
        "intent": "greet",
        "text": "hello everybody"
      },
      {
        "intent": "greet",
        "text": "hello is anybody there"
      },
      {
        "intent": "greet",
        "text": "hello robot"
      },
      {
        "intent": "greet",
        "text": "who are you?"
      },
      {
        "intent": "greet",
        "text": "what are you?"
      },
      {
        "intent": "greet",
        "text": "what's up"
      },
      {
        "intent": "greet",
        "text": "how do you do?"
      },
      {
        "intent": "thanks",
        "text": "Thanks"
      },
      {
        "intent": "thanks",
        "text": "Thank you"
      },
      {
        "intent": "thanks",
        "text": "Thank you so much"
      },
      {
        "intent": "thanks",
        "text": "Thanks bot"
      },
      {
        "intent": "thanks",
        "text": "Thanks for that"
      },
      {
        "intent": "thanks",
        "text": "cheers"
      },
      {
        "intent": "thanks",
        "text": "cheers bro"
      },
      {
        "intent": "thanks",
        "text": "ok thanks!"
      },
      {
        "intent": "thanks",
        "text": "perfect thank you"
      },
      {
        "intent": "thanks",
        "text": "thanks a bunch for everything"
      },
      {
        "intent": "thanks",
        "text": "thanks for the help"
      },
      {
        "intent": "thanks",
        "text": "thanks a lot"
      },
      {
        "intent": "thanks",
        "text": "amazing, thanks"
      },
      {
        "intent": "thanks",
        "text": "cool, thanks"
      },
      {
        "intent": "thanks",
        "text": "cool thank you"
      },
      {
        "intent": "affirm",
        "text": "y"
      },
      {
        "intent": "affirm",
        "text": "Y"
      },
      {
        "intent": "affirm",
        "text": "yes"
      },
      {
        "intent": "affirm",
        "text": "yes sure"
      },
      {
        "intent": "affirm",
        "text": "absolutely"
      },
      {
        "intent": "affirm",
        "text": "for sure"
      },
      {
        "intent": "affirm",
        "text": "yes yes yes"
      },
      {
        "intent": "affirm",
        "text": "definitely"
      },
      {
        "intent": "affirm",
        "text": "yes, it did."
      },
      {
        "intent": "current_matches",
        "text": "what are the current matches"
      },
      {
        "intent": "current_matches",
        "text": "can you list the matches in ipl 2019"
      },
      {
        "intent": "current_matches",
        "text": "which cricket match is happening right now"
      },
      {
        "intent": "current_matches",
        "text": "which ipl match is next"
      },
      {
        "intent": "current_matches",
        "text": "which teams are playing next in ipl"
      },
      {
        "intent": "current_matches",
        "text": "which team will play next in ipl"
      },
      {
        "intent": "current_matches",
        "text": "tell me some ipl news"
      },
      {
        "intent": "current_matches",
        "text": "i want ipl updates"
      },
      {
        "intent": "current_matches",
        "text": "can you give me ipl latest updates"
      },
      {
        "intent": "current_matches",
        "text": "what are the latest match updates"
      },
      {
        "intent": "current_matches",
        "text": "who won the last ipl match"
      },
      {
        "intent": "current_matches",
        "text": "which teams are competing in the next match"
      },
      {
        "intent": "current_matches",
        "text": "how is ipl going"
      },
      {
        "intent": "current_matches",
        "text": "what was the result of the last match"
      },
      {
        "intent": "current_matches",
        "text": "when is the next match"
      },
      {
        "intent": "deny",
        "text": "no"
      },
      {
        "intent": "deny",
        "text": "never"
      },
      {
        "intent": "deny",
        "text": "I don't think so"
      },
      {
        "intent": "deny",
        "text": "don't like that"
      },
      {
        "intent": "deny",
        "text": "no way"
      },
      {
        "intent": "deny",
        "text": "not really"
      },
      {
        "intent": "deny",
        "text": "n"
      },
      {
        "intent": "deny",
        "text": "N"
      }
    ]
  }
}