{"use_intent_probabilities": false, "state_featurizer": {"num_features": 20, "slot_feature_len": 0, "user_feature_len": 6, "py/object": "rasa_core.featurizers.BinarySingleStateFeaturizer", "input_state_map": {"prev_utter_goodbye": 15, "prev_action_restart": 7, "prev_action_listen": 6, "intent_deny": 2, "intent_goodbye": 3, "prev_action_default_ask_affirmation": 11, "prev_utter_greet": 13, "prev_action_deactivate_form": 9, "intent_affirm": 0, "prev_action_default_fallback": 8, "intent_current_matches": 1, "prev_action_match_news": 16, "prev_utter_ask_again": 19, "prev_utter_gratitude": 18, "prev_utter_did_that_help": 14, "intent_thanks": 5, "prev_action_revert_fallback_events": 10, "prev_utter_default": 17, "intent_greet": 4, "prev_action_default_ask_rephrase": 12}}, "max_history": 5, "remove_duplicates": true, "py/object": "rasa_core.featurizers.MaxHistoryTrackerFeaturizer"}